{
  "parent": "minecraft:block/carved_pumpkin",
  "overrides" :[
		{"predicate":{"custom_model_data":20001},"model":"item/ngt_caomao"},
    {"predicate":{"custom_model_data":20002},"model":"item/ngt_caomao"},
    {"predicate":{"custom_model_data":20003},"model":"item/ngt_nvwumao"},
    {"predicate":{"custom_model_data":20004},"model":"item/ngt_nvwumao_bai"},
    {"predicate":{"custom_model_data":20005},"model":"item/ngt_kuanggongmao"},
    {"predicate":{"custom_model_data":20006},"model":"item/ngt_kuanggongmao_hong"},
    {"predicate":{"custom_model_data":20007},"model":"item/ngt_nan2uu"},
    {"predicate":{"custom_model_data":20008},"model":"item/ngt_rongyuan_fen"},
    {"predicate":{"custom_model_data":20009},"model":"item/ngt_rongyuan_huang"},
    {"predicate":{"custom_model_data":20010},"model":"item/ngt_rongyuan_bai"},
    {"predicate":{"custom_model_data":20011},"model":"item/ngt_rongyuan_lan"},
    {"predicate":{"custom_model_data":20012},"model":"item/ngt_rongyuan_zong"},
    {"predicate":{"custom_model_data":20013},"model":"item/ngt_hope_99"},
    {"predicate":{"custom_model_data":20014},"model":"item/ngt_nekkiowo"}
	]
}