{
	"credit": "Made with Blockbench",
	"parent": "minecraft:block/cube_all",
	"texture_size": [64, 64],
	"textures": {
		"0": "item/jj_yunshan_zhuotui",
		"particle": "item/jj_yunshan_zhuotui"
	},
	"elements": [
		{
			"from": [2, 0, 2],
			"to": [4, 8, 4],
			"rotation": {"angle": 0, "axis": "y", "origin": [12, 8, 11]},
			"faces": {
				"north": {"uv": [3.25, 11, 3.75, 13], "texture": "#0"},
				"east": {"uv": [3.25, 11, 3.75, 13], "texture": "#0"},
				"south": {"uv": [3.25, 11, 3.75, 13], "texture": "#0"},
				"west": {"uv": [3.25, 11, 3.75, 13], "texture": "#0"},
				"down": {"uv": [3.75, 12.5, 3.25, 13], "texture": "#0"}
			}
		},
		{
			"from": [2, 0, 12],
			"to": [4, 20, 14],
			"rotation": {"angle": 0, "axis": "y", "origin": [12, 8, 20]},
			"faces": {
				"north": {"uv": [3.25, 8, 3.75, 13], "texture": "#0"},
				"east": {"uv": [3.25, 8, 3.75, 13], "texture": "#0"},
				"south": {"uv": [3.25, 8, 3.75, 13], "texture": "#0"},
				"west": {"uv": [3.25, 8, 3.75, 13], "texture": "#0"},
				"up": {"uv": [3.75, 8.5, 3.25, 8], "texture": "#0"},
				"down": {"uv": [3.75, 12.5, 3.25, 13], "texture": "#0"}
			}
		},
		{
			"from": [12, 0, 12],
			"to": [14, 20, 14],
			"rotation": {"angle": 0, "axis": "y", "origin": [21, 8, 20]},
			"faces": {
				"north": {"uv": [3.25, 8, 3.75, 13], "texture": "#0"},
				"east": {"uv": [3.25, 8, 3.75, 13], "texture": "#0"},
				"south": {"uv": [3.25, 8, 3.75, 13], "texture": "#0"},
				"west": {"uv": [3.25, 8, 3.75, 13], "texture": "#0"},
				"up": {"uv": [3.75, 8.5, 3.25, 8], "texture": "#0"},
				"down": {"uv": [3.75, 12.5, 3.25, 13], "texture": "#0"}
			}
		},
		{
			"from": [12, 0, 2],
			"to": [14, 8, 4],
			"rotation": {"angle": 0, "axis": "y", "origin": [21, 8, 11]},
			"faces": {
				"north": {"uv": [3.25, 11, 3.75, 13], "texture": "#0"},
				"east": {"uv": [3.25, 11, 3.75, 13], "texture": "#0"},
				"south": {"uv": [3.25, 11, 3.75, 13], "texture": "#0"},
				"west": {"uv": [3.25, 11, 3.75, 13], "texture": "#0"},
				"down": {"uv": [3.75, 12.5, 3.25, 13], "texture": "#0"}
			}
		},
		{
			"from": [4, 6, 2.5],
			"to": [12, 9, 3.5],
			"rotation": {"angle": 0, "axis": "y", "origin": [19, 15, 10.5]},
			"faces": {
				"north": {"uv": [2, 4.25, 4, 5], "texture": "#0"},
				"south": {"uv": [2, 4.25, 4, 5], "texture": "#0"},
				"down": {"uv": [2, 5.75, 0, 6], "texture": "#0"}
			}
		},
		{
			"from": [4, 6, 12.5],
			"to": [12, 9, 13.5],
			"rotation": {"angle": 0, "axis": "y", "origin": [19, 15, 5.5]},
			"faces": {
				"north": {"uv": [4, 4.25, 2, 5], "texture": "#0"},
				"south": {"uv": [4, 4.25, 2, 5], "texture": "#0"},
				"down": {"uv": [2, 6, 0, 5.75], "texture": "#0"}
			}
		},
		{
			"from": [12.5, 6, 4],
			"to": [13.5, 9, 12],
			"rotation": {"angle": 0, "axis": "y", "origin": [5.5, 15, 19]},
			"faces": {
				"east": {"uv": [2, 4.25, 4, 5], "texture": "#0"},
				"west": {"uv": [2, 4.25, 4, 5], "texture": "#0"},
				"down": {"uv": [2, 5.75, 0, 6], "rotation": 270, "texture": "#0"}
			}
		},
		{
			"from": [2.5, 6, 4],
			"to": [3.5, 9, 12],
			"rotation": {"angle": 0, "axis": "y", "origin": [10.5, 15, 19]},
			"faces": {
				"east": {"uv": [4, 4.25, 2, 5], "texture": "#0"},
				"west": {"uv": [2, 5, 0, 5.75], "texture": "#0"},
				"down": {"uv": [2, 6, 0, 5.75], "rotation": 270, "texture": "#0"}
			}
		},
		{
			"from": [2, 8, 1.5],
			"to": [14, 10.1, 12],
			"rotation": {"angle": 0, "axis": "y", "origin": [8, 16, 6]},
			"faces": {
				"north": {"uv": [0, 10.75, 3, 11.25], "texture": "#0"},
				"east": {"uv": [2.5, 11.75, 0, 12.25], "texture": "#0"},
				"west": {"uv": [0, 11.75, 2.5, 12.25], "texture": "#0"},
				"up": {"uv": [0, 8.75, 3, 11.25], "texture": "#0"},
				"down": {"uv": [0, 9, 3, 11.5], "texture": "#0"}
			}
		},
		{
			"from": [4, 8, 12],
			"to": [12, 10.1, 14],
			"rotation": {"angle": 0, "axis": "y", "origin": [8, 16, 16.5]},
			"faces": {
				"south": {"uv": [0.5, 10.75, 2.5, 11.25], "texture": "#0"},
				"up": {"uv": [0.5, 11.25, 2.5, 11.75], "texture": "#0"},
				"down": {"uv": [0.5, 11.25, 2.5, 11.75], "texture": "#0"}
			}
		},
		{
			"from": [4, 14.5, 12],
			"to": [12, 19.5, 14],
			"rotation": {"angle": 0, "axis": "y", "origin": [19, 23.5, 20]},
			"faces": {
				"north": {"uv": [1.25, 6.75, 3.25, 8], "texture": "#0"},
				"south": {"uv": [1.25, 6.75, 3.25, 8], "texture": "#0"},
				"up": {"uv": [1.25, 6.75, 3.25, 7.25], "texture": "#0"},
				"down": {"uv": [1.25, 7.5, 3.25, 8], "texture": "#0"}
			}
		}
	],
	"display": {
		"gui": {
			"rotation": [30, 225, 0],
			"translation": [0, -0.5, 0],
			"scale": [0.5, 0.5, 0.5]
		},
		"fixed": {
			"rotation": [-90, 0, 0],
			"translation": [0, 0, -14],
			"scale": [2, 2, 2]
		}
	}
}