{
	"credit": "Made with Blockbench",
	"parent": "minecraft:block/cube_all",
	"texture_size": [64, 64],
	"textures": {
		"0": "item/jj_yunshan_zhuotui",
		"particle": "item/jj_yunshan_zhuotui"
	},
	"elements": [
		{
			"from": [12, 0, 1],
			"to": [15, 16, 4],
			"rotation": {"angle": 0, "axis": "y", "origin": [22, 8, 10]},
			"faces": {
				"north": {"uv": [0, 0, 0.75, 4], "texture": "#0"},
				"east": {"uv": [3, 0, 3.75, 4], "texture": "#0"},
				"south": {"uv": [2, 0, 2.75, 4], "texture": "#0"},
				"west": {"uv": [1, 0, 1.75, 4], "texture": "#0"},
				"up": {"uv": [1.75, 5, 1, 4.25], "texture": "#0"},
				"down": {"uv": [0.75, 4.25, 0, 5], "texture": "#0"}
			}
		},
		{
			"from": [1, 0, 1],
			"to": [4, 16, 4],
			"rotation": {"angle": 0, "axis": "y", "origin": [11, 8, 10]},
			"faces": {
				"north": {"uv": [0, 0, 0.75, 4], "texture": "#0"},
				"east": {"uv": [3, 0, 3.75, 4], "texture": "#0"},
				"south": {"uv": [2, 0, 2.75, 4], "texture": "#0"},
				"west": {"uv": [1, 0, 1.75, 4], "texture": "#0"},
				"up": {"uv": [1.75, 5, 1, 4.25], "texture": "#0"},
				"down": {"uv": [0.75, 4.25, 0, 5], "texture": "#0"}
			}
		},
		{
			"from": [1, 0, 12],
			"to": [4, 16, 15],
			"rotation": {"angle": 0, "axis": "y", "origin": [11, 8, 21]},
			"faces": {
				"north": {"uv": [0, 0, 0.75, 4], "texture": "#0"},
				"east": {"uv": [3, 0, 3.75, 4], "texture": "#0"},
				"south": {"uv": [2, 0, 2.75, 4], "texture": "#0"},
				"west": {"uv": [1, 0, 1.75, 4], "texture": "#0"},
				"up": {"uv": [1.75, 5, 1, 4.25], "texture": "#0"},
				"down": {"uv": [0.75, 4.25, 0, 5], "texture": "#0"}
			}
		},
		{
			"from": [12, 0, 12],
			"to": [15, 16, 15],
			"rotation": {"angle": 0, "axis": "y", "origin": [22, 8, 21]},
			"faces": {
				"north": {"uv": [0, 0, 0.75, 4], "texture": "#0"},
				"east": {"uv": [3, 0, 3.75, 4], "texture": "#0"},
				"south": {"uv": [2, 0, 2.75, 4], "texture": "#0"},
				"west": {"uv": [1, 0, 1.75, 4], "texture": "#0"},
				"up": {"uv": [1.75, 5, 1, 4.25], "texture": "#0"},
				"down": {"uv": [0.75, 4.25, 0, 5], "texture": "#0"}
			}
		},
		{
			"from": [4, 8, 2],
			"to": [12, 11, 4],
			"rotation": {"angle": 0, "axis": "y", "origin": [19, 17, 10]},
			"faces": {
				"north": {"uv": [0, 11, 2, 11.75], "texture": "#0"},
				"south": {"uv": [0, 11, 2, 11.75], "texture": "#0"},
				"up": {"uv": [2, 11.5, 0, 11], "texture": "#0"},
				"down": {"uv": [2, 10.75, 0, 11.25], "texture": "#0"}
			}
		},
		{
			"from": [4, 8, 12],
			"to": [12, 11, 14],
			"rotation": {"angle": 0, "axis": "y", "origin": [19, 17, 6]},
			"faces": {
				"north": {"uv": [2, 11, 0, 11.75], "texture": "#0"},
				"south": {"uv": [2, 11, 0, 11.75], "texture": "#0"},
				"up": {"uv": [2, 11, 0, 11.5], "texture": "#0"},
				"down": {"uv": [2, 11.25, 0, 10.75], "texture": "#0"}
			}
		},
		{
			"from": [12, 8, 4],
			"to": [14, 11, 12],
			"rotation": {"angle": 0, "axis": "y", "origin": [6, 17, 19]},
			"faces": {
				"east": {"uv": [0, 11, 2, 11.75], "texture": "#0"},
				"west": {"uv": [0, 11, 2, 11.75], "texture": "#0"},
				"up": {"uv": [2, 11.5, 0, 11], "rotation": 90, "texture": "#0"},
				"down": {"uv": [2, 10.75, 0, 11.25], "rotation": 270, "texture": "#0"}
			}
		},
		{
			"from": [2, 8, 4],
			"to": [4, 11, 12],
			"rotation": {"angle": 0, "axis": "y", "origin": [10, 17, 19]},
			"faces": {
				"east": {"uv": [2, 11, 0, 11.75], "texture": "#0"},
				"west": {"uv": [2, 11, 0, 11.75], "texture": "#0"},
				"up": {"uv": [2, 11, 0, 11.5], "rotation": 90, "texture": "#0"},
				"down": {"uv": [2, 11.25, 0, 10.75], "rotation": 270, "texture": "#0"}
			}
		}
	],
	"display": {
		"fixed": {
			"rotation": [-90, 0, 0],
			"translation": [0, 0, -14],
			"scale": [2, 2, 2]
		}
	}
}